,BulkSampleID,ArchiveSampleID,Robot Sample ID,Library ID,FastQ File ID,DepthSampledCalTape
0,ISL22-18,LV3005272613,LV7005365952,LV7008955290,LV7008955290-LV7005365952-LV3005272613,116.5
1,ISL22-18,LV3005272654,LV7005365960,LV7008955302,LV7008955302-LV7005365960-LV3005272654,122
2,ISL21_12_1,LV3005272493,LV6000198586,LV7008955346,LV7008955346-LV6000198586-LV3005272493,100
3,ISL21_11,LV3005273615,LV6000197537,LV7008955322,LV7008955322-LV6000197537-LV3005273615,106
4,ISL21_14B,LV3005272365,LV6000198585,LV7008955262,LV7008955262-LV6000198585-LV3005272365,110.5
5,ISL22-20.3B,LV3005273006,LV6000198906,,,380.5
6,ISL22-20.3B,LV3005273006,LV6000198906,LV7008961027,LV7008961027-LV6000198906-LV3005273006,380.5
7,ISL22-20.3B,LV3005273024,LV6000198914,,,384
8,ISL22-20.3B,LV3005273024,LV6000198914,LV7008961039,LV7008961039-LV6000198914-LV3005273024,384
9,ISL22-20.3B,LV3005273032,LV6000198875,,,387
10,ISL22-20.3B,LV3005273032,LV6000198875,LV7008961051,LV7008961051-LV6000198875-LV3005273032,387
11,ISL22-20.3B,LV3005273005,LV6000198883,,,390.5
12,ISL22-20.3B,LV3005273005,LV6000198883,LV7008961063,LV7008961063-LV6000198883-LV3005273005,390.5
13,ISL22-20.3B,LV3005273031,LV6000198891,,,393.5
14,ISL22-20.3B,LV3005273031,LV6000198891,LV7008961075,LV7008961075-LV6000198891-LV3005273031,393.5
15,ISL22-20.3B,LV3005273014,LV6000198899,,,396.5
16,ISL22-20.3B,LV3005273014,LV6000198899,LV7008961087,LV7008961087-LV6000198899-LV3005273014,396.5
17,ISL22-20.3B,LV3005273019,LV6000198907,,,399.5
18,ISL22-20.3B,LV3005273019,LV6000198907,LV7008961002,LV7008961002-LV6000198907-LV3005273019,399.5
19,ISL22-20.6,LV3005273002,LV6000198915,,,402
20,ISL22-20.6,LV3005273002,LV6000198915,LV7008961014,LV7008961014-LV6000198915-LV3005273002,402
21,ISL22-20.6,LV3005273029,LV6000198876,,,405
22,ISL22-20.6,LV3005273029,LV6000198876,LV7008961026,LV7008961026-LV6000198876-LV3005273029,405
23,ISL22-20.6,LV3005273012,LV6000198884,,,408
24,ISL22-20.6,LV3005273012,LV6000198884,LV7008961038,LV7008961038-LV6000198884-LV3005273012,408
25,ISL22-20.6,LV3005274006,LV6000198892,,,414.5
26,ISL22-20.6,LV3005274006,LV6000198892,LV7008961050,LV7008961050-LV6000198892-LV3005274006,414.5
27,ISL22-20.6,LV3005274007,LV6000198900,,,421
28,ISL22-20.6,LV3005274007,LV6000198900,LV7008961062,LV7008961062-LV6000198900-LV3005274007,421
29,ISL22-20.6,LV3005274022,LV6000198908,,,427
30,ISL22-20.6,LV3005274022,LV6000198908,LV7008961074,LV7008961074-LV6000198908-LV3005274022,427
31,ISL22-20.6,LV3005274023,LV6000198916,,,433.5
32,ISL22-20.6,LV3005274023,LV6000198916,LV7008961086,LV7008961086-LV6000198916-LV3005274023,433.5
33,ISL22-20.6,LV3005274011,LV6000198877,,,440
34,ISL22-20.6,LV3005274011,LV6000198877,LV7008961001,LV7008961001-LV6000198877-LV3005274011,440
35,ISL22-20.6,LV3005274025,LV6000198885,,,446.5
36,ISL22-20.6,LV3005274025,LV6000198885,LV7008961013,LV7008961013-LV6000198885-LV3005274025,446.5
37,ISL21-15A,LV3005273889,LV6000198594,LV7008955370,LV7008955370-LV6000198594-LV3005273889,90
38,ISL21-10A,LV3005274922,LV6000198625,LV7008955334,LV7008955334-LV6000198625-LV3005274922,91
39,ISL22-24,LV3005274144,LV7005365950,LV7008955352,LV7008955352-LV7005365950-LV3005274144,66.5
40,ISL22-24,LV3005274125,LV7005365958,LV7008955376,LV7008955376-LV7005365958-LV3005274125,69
41,ISL22-27,LV3005274179,LV7005365964,LV7008955299,LV7008955299-LV7005365964-LV3005274179,76.5
42,ISL22-27,LV3005274193,LV7005365972,LV7008955323,LV7008955323-LV7005365972-LV3005274193,79
43,ISL22-48-1,LV3005274249,LV7005365969,LV7008955289,LV7008955289-LV7005365969-LV3005274249,95
44,ISL22-48-1,LV3005274246,LV7005365977,LV7008955301,LV7008955301-LV7005365977-LV3005274246,99.5
45,ISL21-13,LV3005273834,LV6000198609,LV7008955298,LV7008955298-LV6000198609-LV3005273834,145.5
46,ISL22-48.6,LV3005274765,LV6000200082,LV7008960459,LV7008960459-LV6000200082-LV3005274765,213.5
47,ISL22-48.6,LV3005274894,LV6000200121,LV7008960471,LV7008960471-LV6000200121-LV3005274894,216.5
48,ISL22-48.6,LV3005274910,LV6000200113,LV7008960483,LV7008960483-LV6000200113-LV3005274910,219.5
49,ISL22-48.6,LV3005274893,LV6000200105,LV7008960495,LV7008960495-LV6000200105-LV3005274893,222.5
50,ISL22-48.6,LV3005274908,LV6000200097,LV7008960507,LV7008960507-LV6000200097-LV3005274908,225.5
51,ISL22-48.6,LV3005274892,LV6000198777,LV7008960446,LV7008960446-LV6000198777-LV3005274892,228
52,ISL22-48.6,LV3005274892,LV6000198777,LV7008960446,LV7008960446-LV6000198777-LV3005274892,228
53,ISL22-48.6,LV3005274907,LV6000198663,LV7008960458,LV7008960458-LV6000198663-LV3005274907,231
54,ISL22-48.6,LV3005274907,LV6000198663,LV7008960458,LV7008960458-LV6000198663-LV3005274907,231
55,ISL22-48.6,LV3005274890,LV6000198793,LV7008960470,LV7008960470-LV6000198793-LV3005274890,234.5
56,ISL22-48.6,LV3005274890,LV6000198793,LV7008960470,LV7008960470-LV6000198793-LV3005274890,234.5
57,ISL22-48.6,LV3005274906,LV6000198801,LV7008960482,LV7008960482-LV6000198801-LV3005274906,237
58,ISL22-48.6,LV3005274906,LV6000198801,LV7008960482,LV7008960482-LV6000198801-LV3005274906,237
59,ISL22-48.6,LV3005274912,LV6000198809,LV7008960494,LV7008960494-LV6000198809-LV3005274912,240
60,ISL22-48.6,LV3005274912,LV6000198809,LV7008960494,LV7008960494-LV6000198809-LV3005274912,240
61,ISL22-48.6,LV3005274911,LV6000198671,LV7008960506,LV7008960506-LV6000198671-LV3005274911,243
62,ISL22-48.6,LV3005274911,LV6000198671,LV7008960506,LV7008960506-LV6000198671-LV3005274911,243
63,ISL22-48.6,LV3005274896,LV6000198778,LV7008960518,LV7008960518-LV6000198778-LV3005274896,246
64,ISL22-48.6,LV3005274896,LV6000198778,LV7008960518,LV7008960518-LV6000198778-LV3005274896,246
65,ISL22-48.6,LV3005274889,LV6000198786,LV7008960530,LV7008960530-LV6000198786-LV3005274889,249
66,ISL22-48.6,LV3005274889,LV6000198786,LV7008960530,LV7008960530-LV6000198786-LV3005274889,249
67,ISL22-48.6,LV3005274862,LV6000198794,LV7008960445,LV7008960445-LV6000198794-LV3005274862,251.5
68,ISL22-48.6,LV3005274862,LV6000198794,LV7008960445,LV7008960445-LV6000198794-LV3005274862,251.5
69,ISL22-48.6,LV3005274877,LV6000198802,LV7008960457,LV7008960457-LV6000198802-LV3005274877,255
70,ISL22-48.6,LV3005274877,LV6000198802,LV7008960457,LV7008960457-LV6000198802-LV3005274877,255
71,ISL22-48.6,LV3005274861,LV6000198810,LV7008960469,LV7008960469-LV6000198810-LV3005274861,258
72,ISL22-48.6,LV3005274861,LV6000198810,LV7008960469,LV7008960469-LV6000198810-LV3005274861,258
73,ISL22-48.6,LV3005274876,LV6000198818,LV7008960481,LV7008960481-LV6000198818-LV3005274876,260.5
74,ISL22-48.6,LV3005274876,LV6000198818,LV7008960481,LV7008960481-LV6000198818-LV3005274876,260.5
75,ISL22-48.6,LV3005274860,LV6000198779,LV7008960493,LV7008960493-LV6000198779-LV3005274860,263.5
76,ISL22-48.6,LV3005274860,LV6000198779,LV7008960493,LV7008960493-LV6000198779-LV3005274860,263.5
77,ISL22-48.6,LV3005274875,LV6000198787,LV7008960505,LV7008960505-LV6000198787-LV3005274875,266
78,ISL22-48.6,LV3005274875,LV6000198787,LV7008960505,LV7008960505-LV6000198787-LV3005274875,266
79,ISL22-48.6,LV3005274859,LV6000198795,LV7008960517,LV7008960517-LV6000198795-LV3005274859,269
80,ISL22-48.6,LV3005274859,LV6000198795,LV7008960517,LV7008960517-LV6000198795-LV3005274859,269
81,ISL22-48.6,LV3005274873,LV6000198803,LV7008960529,LV7008960529-LV6000198803-LV3005274873,272
82,ISL22-48.6,LV3005274873,LV6000198803,LV7008960529,LV7008960529-LV6000198803-LV3005274873,272
83,ISL22-48.6,LV3005274857,LV6000198811,LV7008960444,LV7008960444-LV6000198811-LV3005274857,274.5
84,ISL22-48.6,LV3005274857,LV6000198811,LV7008960444,LV7008960444-LV6000198811-LV3005274857,274.5
85,ISL22-48.6,LV3005274872,LV6000198819,LV7008960456,LV7008960456-LV6000198819-LV3005274872,277
86,ISL22-48.6,LV3005274872,LV6000198819,LV7008960456,LV7008960456-LV6000198819-LV3005274872,277
87,ISL22-48.6,LV3005274858,LV6000198780,LV7008960468,LV7008960468-LV6000198780-LV3005274858,280
88,ISL22-48.6,LV3005274858,LV6000198780,LV7008960468,LV7008960468-LV6000198780-LV3005274858,280
89,ISL22-48.6,LV3005274871,LV6000198655,LV7008960480,LV7008960480-LV6000198655-LV3005274871,287.5
90,ISL22-48.6,LV3005274871,LV6000198655,LV7008960480,LV7008960480-LV6000198655-LV3005274871,287.5
91,ISL22-47,LV3005274496,LV7005365953,LV7008955265,LV7008955265-LV7005365953-LV3005274496,67
92,ISL22-47,LV3005274481,LV7005365961,LV7008955277,LV7008955277-LV7005365961-LV3005274481,71.5
93,ISL22-46,LV3005274562,LV6000198601,LV7008955286,LV7008955286-LV6000198601-LV3005274562,57
94,ISL22-36,LV3005275107,LV7005365980,LV7008955335,LV7008955335-LV7005365980-LV3005275107,70
95,ISL22-52,LV3005351350,LV6000198593,LV7008955274,LV7008955274-LV6000198593-LV3005351350,66
96,ISL22-21,LV3005350676,LV6000198603,LV7008955345,LV7008955345-LV6000198603-LV3005350676,85.5
97,ISL22-53,LV3005350543,LV6000198611,LV7008955369,LV7008955369-LV6000198611-LV3005350543,46
98,ISL22-17,LV3005350267,LV6000198619,LV7008955260,LV7008955260-LV6000198619-LV3005350267,65
99,ISL22-40.4,LV3005350770,LV6000200096,LV7008960500,LV7008960500-LV6000200096-LV3005350770,35
100,ISL22-40.4,LV3005350784,LV6000200088,LV7008960512,LV7008960512-LV6000200088-LV3005350784,38
101,ISL22-40.4,LV3005350792,LV6000200127,LV7008960524,LV7008960524-LV6000200127-LV3005350792,42.5
102,ISL22-40.4,LV3005350786,LV6000200119,LV7008960536,LV7008960536-LV6000200119-LV3005350786,45.5
103,ISL22-40.4,LV3005350771,LV6000200111,LV7008960451,LV7008960451-LV6000200111-LV3005350771,48.5
104,ISL22-40.4,LV3005350788,LV6000200103,LV7008960463,LV7008960463-LV6000200103-LV3005350788,52
105,ISL22-40.4,LV3005350773,LV6000200095,LV7008960475,LV7008960475-LV6000200095-LV3005350773,55
106,ISL22-40.4,LV3005350781,LV6000200087,LV7008960487,LV7008960487-LV6000200087-LV3005350781,58
107,ISL22-40.4,LV3005350807,LV6000200126,LV7008960499,LV7008960499-LV6000200126-LV3005350807,61
108,ISL22-40.4,LV3005350800,LV6000200118,LV7008960511,LV7008960511-LV6000200118-LV3005350800,64
109,ISL22-40.4,LV3005350808,LV6000200110,LV7008957410,LV7008957410-LV6000200110-LV3005350808,67
110,ISL22-40.4,LV3005350796,LV6000200102,LV7008960535,LV7008960535-LV6000200102-LV3005350796,70.5
111,ISL22-40.4,LV3005350809,LV6000200094,LV7008960450,LV7008960450-LV6000200094-LV3005350809,73.5
112,ISL22-40.4,LV3005350797,LV6000185100,LV7008960462,LV7008960462-LV6000185100-LV3005350797,77.5
113,ISL22-40.4,LV3005350804,LV6000200125,LV7008960474,LV7008960474-LV6000200125-LV3005350804,80.5
114,ISL22-40.4,LV3005350810,LV6000200117,LV7008960486,LV7008960486-LV6000200117-LV3005350810,83.5
115,ISL22-40.4,LV3005350805,LV6000200109,LV7008960498,LV7008960498-LV6000200109-LV3005350805,87
116,ISL22-40.4,LV3005350824,LV6000200101,LV7008960510,LV7008960510-LV6000200101-LV3005350824,89.5
117,ISL22-40.4,LV3005350812,LV6000200093,LV7008960522,LV7008960522-LV6000200093-LV3005350812,93
118,ISL22-40.4,LV3005350799,LV6000200085,LV7008960534,LV7008960534-LV6000200085-LV3005350799,96
119,ISL22-40.4,LV3005350870,LV6000200124,LV7008960449,LV7008960449-LV6000200124-LV3005350870,99
120,ISL22-40.4,LV3005350882,LV6000200116,LV7008960461,LV7008960461-LV6000200116-LV3005350882,102
121,ISL22-40.4,LV3005350869,LV6000200108,LV7008960473,LV7008960473-LV6000200108-LV3005350869,105
122,ISL22-40.4,LV3005350868,LV6000200100,LV7008960485,LV7008960485-LV6000200100-LV3005350868,108
123,ISL22-40.4,LV3005350862,LV6000200092,LV7008960497,LV7008960497-LV6000200092-LV3005350862,110
124,ISL22-40.4,LV3005350880,LV6000200084,LV7008960509,LV7008960509-LV6000200084-LV3005350880,114
125,ISL22-40.4,LV3005350867,LV6000200123,LV7008960521,LV7008960521-LV6000200123-LV3005350867,117
126,ISL22-40.4,LV3005350879,LV6000200115,LV7008960533,LV7008960533-LV6000200115-LV3005350879,120
127,ISL22-40.4,LV3005350866,LV6000200107,LV7008960448,LV7008960448-LV6000200107-LV3005350866,123
128,ISL22-40.4,LV3005350878,LV6000200099,LV7008960460,LV7008960460-LV6000200099-LV3005350878,126.5
129,ISL22-40.4,LV3005350865,LV6000200091,LV7008960472,LV7008960472-LV6000200091-LV3005350865,129.5
130,ISL22-40.4,LV3005350877,LV6000185139,LV7008960484,LV7008960484-LV6000185139-LV3005350877,132.5
131,ISL22-40.4,LV3005351152,LV6000200122,LV7008960496,LV7008960496-LV6000200122-LV3005351152,136
132,ISL22-40.4,LV3005351159,LV6000200114,LV7008960508,LV7008960508-LV6000200114-LV3005351159,139
133,ISL22-40.4,LV3005351142,LV6000200106,LV7008960520,LV7008960520-LV6000200106-LV3005351142,142
134,ISL22-40.4,LV3005351138,LV6000200098,LV7008957409,LV7008957409-LV6000200098-LV3005351138,145.5
135,ISL22-40.4,LV3005351154,LV6000200090,LV7008960447,LV7008960447-LV6000200090-LV3005351154,148.5
136,ISL22-41,LV3005351200,LV6000198588,LV7008955284,LV7008955284-LV6000198588-LV3005351200,60.5
137,ISL22-42,LV3005351039,LV6000198595,LV7008955333,LV7008955333-LV6000198595-LV3005351039,40.5
138,ISL22-55,LV3005351385,LV6000198627,LV7008955272,LV7008955272-LV6000198627-LV3005351385,103.5
139,ISL22-35.9,LV3005351432,LV6000200207,LV7008956392,LV7008956392-LV6000200207-LV3005351432,22
140,ISL22-35.9,LV3005351434,LV6000200215,LV7008956404,LV7008956404-LV6000200215-LV3005351434,24.5
141,ISL22-35.9,LV3005351436,LV6000200202,LV7008956428,LV7008956428-LV6000200202-LV3005351436,27.5
142,ISL22-35.9,LV3005351443,LV6000200208,LV7008953902,LV7008953902-LV6000200208-LV3005351443,30.5
143,ISL22-35.9,LV3005351440,LV6000200200,LV7008956331,LV7008956331-LV6000200200-LV3005351440,34
144,ISL22-35.9,LV3005351439,LV6000200192,LV7008956355,LV7008956355-LV6000200192-LV3005351439,38
145,ISL22-35.9,LV3005351447,LV6000200184,LV7008956367,LV7008956367-LV6000200184-LV3005351447,40.5
146,ISL22-35.9,LV3005351454,LV6000184769,LV7008956379,LV7008956379-LV6000184769-LV3005351454,43.5
147,ISL22-35.9,LV3005351448,LV6000184767,LV7008956391,LV7008956391-LV6000184767-LV3005351448,46.5
148,ISL22-35.9,LV3005351451,LV6000200160,LV7008953901,LV7008953901-LV6000200160-LV3005351451,49.5
149,ISL22-35.9,LV3005272800,LV6000200152,LV7008956330,LV7008956330-LV6000200152-LV3005272800,53
150,ISL22-35.9,LV3005351460,LV6000185099,LV7008956354,LV7008956354-LV6000185099-LV3005351460,56
151,ISL22-35.9,LV3005351459,LV6000200144,LV7008956366,LV7008956366-LV6000200144-LV3005351459,59
152,ISL22-35.9,LV3005351485,LV6000200135,LV7008956378,LV7008956378-LV6000200135-LV3005351485,62
153,ISL22-35.9,LV3005351456,LV6000200175,LV7008956390,LV7008956390-LV6000200175-LV3005351456,65
154,ISL22-35.9,LV3005351486,LV6000200143,LV7008956402,LV7008956402-LV6000200143-LV3005351486,67.5
155,ISL22-35.9,LV3005351457,LV6000200151,LV7008956426,LV7008956426-LV6000200151-LV3005351457,70.5
156,ISL22-35.9,LV3005351469,LV6000200159,LV7008956317,LV7008956317-LV6000200159-LV3005351469,73
157,ISL22-35.9,LV3005351488,LV6000200167,LV7008956329,LV7008956329-LV6000200167-LV3005351488,76
158,ISL22-35.9,lv3005351461,LV6000200134,LV7008956353,LV7008956353-LV6000200134-lv3005351461,79
159,ISL22-35.9,lv3005351490,LV6000200142,LV7008956365,LV7008956365-LV6000200142-lv3005351490,82
160,ISL22-35.9,lv3005351479,LV6000200150,LV7008956377,LV7008956377-LV6000200150-lv3005351479,85
161,ISL22-35.9,lv3005351478,LV6000200158,LV7008956389,LV7008956389-LV6000200158-lv3005351478,88
162,ISL22-35.9,lv3005351491,LV6000200166,LV7008956401,LV7008956401-LV6000200166-lv3005351491,91
163,ISL22-35.9,lv3005351497,LV6000200174,LV7008956425,LV7008956425-LV6000200174-lv3005351497,94
164,ISL22-35.9,lv3005351509,LV6000200133,LV7008956316,LV7008956316-LV6000200133-lv3005351509,97
165,ISL22-35.9,lv3005351493,LV6000200141,LV7008956328,LV7008956328-LV6000200141-lv3005351493,99.5
166,ISL22-35.9,lv3005351496,LV6000200149,LV7008956352,LV7008956352-LV6000200149-lv3005351496,103
167,ISL22-35.9,lv3005351494,LV6000200157,LV7008956364,LV7008956364-LV6000200157-lv3005351494,106
168,ISL22-35.9,lv3005351495,LV6000200165,LV7008956376,LV7008956376-LV6000200165-lv3005351495,110
169,ISL22-35.9,lv3005351508,LV6000184794,LV7008956388,LV7008956388-LV6000184794-lv3005351508,114
170,ISL22-35.9,lv3005351501,LV6000200172,LV7008956400,LV7008956400-LV6000200172-lv3005351501,116.5
171,ISL22-35.6,LV3005348484,LV7005365908,LV7008955321,LV7008955321-LV7005365908-LV3005348484,75
172,ISL22-49.1,LV3005276357,LV6000198610,LV7008955273,LV7008955273-LV6000198610-LV3005276357,105
173,ISL22-49.1,LV3005276355,LV6000198618,LV7008955285,LV7008955285-LV6000198618-LV3005276355,106.5
174,ISL22-49.10,LV3005275497,LV6000200177,LV7008956324,LV7008956324-LV6000200177-LV3005275497,0.5
175,ISL22-49.10,LV3005275519,LV6000200193,LV7008956336,LV7008956336-LV6000200193-LV3005275519,3.5
176,ISL22-49.10,LV3005275506,LV6000200178,LV7008956360,LV7008956360-LV6000200178-LV3005275506,6.5
177,ISL22-49.10,LV3005275505,LV6000185132,LV7008956372,LV7008956372-LV6000185132-LV3005275505,9.5
178,ISL22-49.10,LV3005275504,LV6000200186,LV7008956384,LV7008956384-LV6000200186-LV3005275504,12
179,ISL22-49.10,LV3005275510,LV6000200194,LV7008956396,LV7008956396-LV6000200194-LV3005275510,15
180,ISL22-49.10,LV3005275511,LV6000200209,LV7008956408,LV7008956408-LV6000200209-LV3005275511,18
181,ISL22-49.10,LV3005275503,LV6000200217,LV7008956432,LV7008956432-LV6000200217-LV3005275503,20.5
182,ISL22-49.10,LV3005275498,LV6000200210,LV7008956323,LV7008956323-LV6000200210-LV3005275498,22.5
183,ISL22-49.10,LV3005275516,LV6000200218,LV7008956335,LV7008956335-LV6000200218-LV3005275516,25.5
184,ISL22-49.10,LV3005275470,LV6000200219,LV7008956359,LV7008956359-LV6000200219-LV3005275470,28.5
185,ISL22-49.10,LV3005275478,LV6000200179,LV7008956371,LV7008956371-LV6000200179-LV3005275478,32
186,ISL22-49.10,LV3005275477,LV6000200211,LV7008956383,LV7008956383-LV6000200211-LV3005275477,35
187,ISL22-49.10,LV3005275483,LV6000200203,LV7008953924,LV7008953924-LV6000200203-LV3005275483,38
188,ISL22-49.10,LV3005275466,LV6000200195,LV7008956407,LV7008956407-LV6000200195-LV3005275466,41
189,ISL22-49.10,LV3005275474,LV6000200187,LV7008956431,LV7008956431-LV6000200187-LV3005275474,44
190,ISL22-49.10,LV3005275480,LV6000200220,LV7008956322,LV7008956322-LV6000200220-LV3005275480,47
191,ISL22-49.10,LV3005275490,LV6000200180,LV7008956334,LV7008956334-LV6000200180-LV3005275490,49
192,ISL22-49.10,LV3005275486,LV6000200188,LV7008956358,LV7008956358-LV6000200188-LV3005275486,51.5
193,ISL22-49.10,LV3005275481,LV6000200196,LV7008956370,LV7008956370-LV6000200196-LV3005275481,53.5
194,ISL22-49.10,LV3005275479,LV6000185134,LV7008956382,LV7008956382-LV6000185134-LV3005275479,56.5
195,ISL22-49.10,LV3005275485,LV6000200212,LV7008956394,LV7008956394-LV6000200212-LV3005275485,59.5
196,ISL22-49.10,LV3005275458,LV6000200197,LV7008956406,LV7008956406-LV6000200197-LV3005275458,62.5
197,ISL22-49.10,LV3005275462,LV6000200189,LV7008956430,LV7008956430-LV6000200189-LV3005275462,66
198,ISL22-49.10,LV3005275461,LV6000185133,LV7008956321,LV7008956321-LV6000185133-LV3005275461,69.5
199,ISL22-49.10,LV3005275452,LV6000200182,LV7008956333,LV7008956333-LV6000200182-LV3005275452,73
200,ISL22-49.10,LV3005275447,LV6000200190,LV7008956357,LV7008956357-LV6000200190-LV3005275447,75.5
201,ISL22-49.10,LV3005275446,LV6000200213,LV7008956369,LV7008956369-LV6000200213-LV3005275446,79.5
202,ISL22-49.10,LV3005275441,LV6000200221,LV7008956381,LV7008956381-LV6000200221-LV3005275441,83
203,ISL22-49.10,LV3005275442,LV6000200198,LV7008956393,LV7008956393-LV6000200198-LV3005275442,86.5
204,ISL22-49.10,LV3005275449,LV6000200206,LV7008956405,LV7008956405-LV6000200206-LV3005275449,89.5
205,ISL22-49.10,LV3005275456,LV6000200214,LV7008956429,LV7008956429-LV6000200214-LV3005275456,92.5
206,ISL22-49.10,LV3005275450,LV6000200222,LV7008956320,LV7008956320-LV6000200222-LV3005275450,95.5
207,ISL22-49.10,LV3005275445,LV6000200183,LV7008956332,LV7008956332-LV6000200183-LV3005275445,98.5
208,ISL22-49.10,LV3005275437,LV6000200223,LV7008956356,LV7008956356-LV6000200223-LV3005275437,101.5
209,ISL22-49.10,LV3005275419,LV6000200191,LV7008956368,LV7008956368-LV6000200191-LV3005275419,104.5
210,ISL22-49.10,LV3005275425,LV6000200199,LV7008956380,LV7008956380-LV6000200199-LV3005275425,107.5
211,ISL22-37.3,LV3005275377,LV6000198626,LV7008955297,LV7008955297-LV6000198626-LV3005275377,43
212,ISL22-37.2,LV3005349084,LV6000198796,LV7008960492,LV7008960492-LV6000198796-LV3005349084,207
213,ISL22-37.2,LV3005349084,LV6000198796,LV7008960492,LV7008960492-LV6000198796-LV3005349084,207
214,ISL22-37.2,LV3005349065,LV6000198804,LV7008960504,LV7008960504-LV6000198804-LV3005349065,210
215,ISL22-37.2,LV3005349065,LV6000198804,LV7008960504,LV7008960504-LV6000198804-LV3005349065,210
216,ISL22-37.2,LV3005349067,LV6000198812,LV7008960516,LV7008960516-LV6000198812-LV3005349067,213.5
217,ISL22-37.2,LV3005349067,LV6000198812,LV7008960516,LV7008960516-LV6000198812-LV3005349067,213.5
218,ISL22-37.2,LV3005349072,LV6000198820,LV7008960528,LV7008960528-LV6000198820-LV3005349072,216.5
219,ISL22-37.2,LV3005349072,LV6000198820,LV7008960528,LV7008960528-LV6000198820-LV3005349072,216.5
220,ISL22-37.2,LV3005349085,LV6000198781,LV7008960443,LV7008960443-LV6000198781-LV3005349085,219.5
221,ISL22-37.2,LV3005349085,LV6000198781,LV7008960443,LV7008960443-LV6000198781-LV3005349085,219.5
222,ISL22-37.2,LV3005349075,LV6000198647,LV7008957416,LV7008957416-LV6000198647-LV3005349075,222.5
223,ISL22-37.2,LV3005349075,LV6000198647,LV7008957416,LV7008957416-LV6000198647-LV3005349075,222.5
224,ISL22-37.2,LV3005349079,LV6000198797,LV7008960467,LV7008960467-LV6000198797-LV3005349079,225.5
225,ISL22-37.2,LV3005349079,LV6000198797,LV7008960467,LV7008960467-LV6000198797-LV3005349079,225.5
226,ISL22-37.2,LV3005349082,LV6000198805,LV7008960479,LV7008960479-LV6000198805-LV3005349082,229
227,ISL22-37.2,LV3005349082,LV6000198805,LV7008960479,LV7008960479-LV6000198805-LV3005349082,229
228,ISL22-37.2,LV3005349077,LV6000198813,LV7008960491,LV7008960491-LV6000198813-LV3005349077,232
229,ISL22-37.2,LV3005349077,LV6000198813,LV7008960491,LV7008960491-LV6000198813-LV3005349077,232
230,ISL22-37.2,LV3005349088,LV6000198821,LV7008960503,LV7008960503-LV6000198821-LV3005349088,235
231,ISL22-37.2,LV3005349088,LV6000198821,LV7008960503,LV7008960503-LV6000198821-LV3005349088,235
232,ISL22-37.2,LV3005349083,LV6000198782,LV7008960515,LV7008960515-LV6000198782-LV3005349083,238
233,ISL22-37.2,LV3005349083,LV6000198782,LV7008960515,LV7008960515-LV6000198782-LV3005349083,238
234,ISL22-37.2,LV3005349076,LV6000198790,LV7008960527,LV7008960527-LV6000198790-LV3005349076,241.5
235,ISL22-37.2,LV3005349076,LV6000198790,LV7008960527,LV7008960527-LV6000198790-LV3005349076,241.5
236,ISL22-37.2,LV3005349063,LV6000198798,LV7008960442,LV7008960442-LV6000198798-LV3005349063,244.5
237,ISL22-37.2,LV3005349063,LV6000198798,LV7008960442,LV7008960442-LV6000198798-LV3005349063,244.5
238,ISL22-37.2,LV3005349046,LV6000198806,LV7008960454,LV7008960454-LV6000198806-LV3005349046,247.5
239,ISL22-37.2,LV3005349046,LV6000198806,LV7008960454,LV7008960454-LV6000198806-LV3005349046,247.5
240,ISL22-37.2,LV3005349040,LV6000198814,LV7008960466,LV7008960466-LV6000198814-LV3005349040,250.5
241,ISL22-37.2,LV3005349040,LV6000198814,LV7008960466,LV7008960466-LV6000198814-LV3005349040,250.5
242,ISL22-37.2,LV3005349047,LV6000198822,LV7008960478,LV7008960478-LV6000198822-LV3005349047,254
243,ISL22-37.2,LV3005349047,LV6000198822,LV7008960478,LV7008960478-LV6000198822-LV3005349047,254
244,ISL22-37.2,LV3005349053,LV6000198783,LV7008960490,LV7008960490-LV6000198783-LV3005349053,257
245,ISL22-37.2,LV3005349053,LV6000198783,LV7008960490,LV7008960490-LV6000198783-LV3005349053,257
246,ISL22-37.2,LV3005349043,LV6000198791,LV7008960502,LV7008960502-LV6000198791-LV3005349043,260.5
247,ISL22-37.2,LV3005349043,LV6000198791,LV7008960502,LV7008960502-LV6000198791-LV3005349043,260.5
248,ISL22-37.2,LV3005349060,LV6000198799,LV7008960514,LV7008960514-LV6000198799-LV3005349060,263.5
249,ISL22-37.2,LV3005349060,LV6000198799,LV7008960514,LV7008960514-LV6000198799-LV3005349060,263.5
250,ISL22-37.2,LV3005349055,LV6000198807,LV7008957408,LV7008957408-LV6000198807-LV3005349055,267
251,ISL22-37.2,LV3005349055,LV6000198807,LV7008957408,LV7008957408-LV6000198807-LV3005349055,267
252,ISL22-37.2,LV3005349050,LV6000198815,LV7008960441,LV7008960441-LV6000198815-LV3005349050,270
253,ISL22-37.2,LV3005349050,LV6000198815,LV7008960441,LV7008960441-LV6000198815-LV3005349050,270
254,ISL22-37.2,LV3005349051,LV6000198823,LV7008960453,LV7008960453-LV6000198823-LV3005349051,273
255,ISL22-37.2,LV3005349051,LV6000198823,LV7008960453,LV7008960453-LV6000198823-LV3005349051,273
256,ISL22-37.2,LV3005349056,LV6000198784,LV7008960465,LV7008960465-LV6000198784-LV3005349056,276
257,ISL22-37.2,LV3005349056,LV6000198784,LV7008960465,LV7008960465-LV6000198784-LV3005349056,276
258,ISL22-37.2,LV3005349057,LV6000198792,LV7008960477,LV7008960477-LV6000198792-LV3005349057,279.5
259,ISL22-37.2,LV3005349057,LV6000198792,LV7008960477,LV7008960477-LV6000198792-LV3005349057,279.5
260,ISL22-37.2,LV3005349016,LV6000198800,LV7008960489,LV7008960489-LV6000198800-LV3005349016,282.5
261,ISL22-37.2,LV3005349016,LV6000198800,LV7008960489,LV7008960489-LV6000198800-LV3005349016,282.5
262,ISL22-37.2,LV3005349021,LV6000198808,LV7008960501,LV7008960501-LV6000198808-LV3005349021,284
263,ISL22-37.2,LV3005349021,LV6000198808,LV7008960501,LV7008960501-LV6000198808-LV3005349021,284
264,ISL22-37.2,LV3005349033,LV6000198637,,,287.5
265,ISL22-37.2,LV3005349033,LV6000198637,LV7008961004,LV7008961004-LV6000198637-LV3005349033,287.5
266,ISL22-37.2,LV3005349028,LV6000198646,,,290.5
267,ISL22-37.2,LV3005349028,LV6000198646,LV7008961016,LV7008961016-LV6000198646-LV3005349028,290.5
268,ISL22-37.2,LV3005349017,LV6000198889,,,293.5
269,ISL22-37.2,LV3005349017,LV6000198889,LV7008959575,LV7008959575-LV6000198889-LV3005349017,293.5
270,ISL22-37.2,LV3005349029,LV6000198897,,,297.5
271,ISL22-37.2,LV3005349029,LV6000198897,LV7008961040,LV7008961040-LV6000198897-LV3005349029,297.5
272,ISL22-37.2,LV3005349035,LV6000198905,,,300.5
273,ISL22-37.2,LV3005349035,LV6000198905,LV7008961052,LV7008961052-LV6000198905-LV3005349035,300.5
274,ISL22-37.2,LV3005349019,LV6000198913,,,306
275,ISL22-37.2,LV3005349019,LV6000198913,LV7008961064,LV7008961064-LV6000198913-LV3005349019,306
276,ISL22-37.2,LV3005349020,LV6000198662,,,312.5
277,ISL22-37.2,LV3005349020,LV6000198662,LV7008961076,LV7008961076-LV6000198662-LV3005349020,312.5
278,ISL22-37.2,LV3005349026,LV6000198638,,,315.5
279,ISL22-37.2,LV3005349026,LV6000198638,LV7008961088,LV7008961088-LV6000198638-LV3005349026,315.5
280,ISL22-37.2,LV3005349031,LV6000198890,,,318
281,ISL22-37.2,LV3005349031,LV6000198890,LV7008961003,LV7008961003-LV6000198890-LV3005349031,318
282,ISL22-37.2,LV3005349032,LV6000198898,,,320.5
283,ISL22-37.2,LV3005349032,LV6000198898,LV7008959573,LV7008959573-LV6000198898-LV3005349032,320.5
284,ISL22-33.10,LV3005348863,LV6000198827,,,2
285,ISL22-33.10,LV3005348863,LV6000198827,LV7008961045,LV7008961045-LV6000198827-LV3005348863,2
286,ISL22-33.10,LV3005348867,LV6000198835,,,5
287,ISL22-33.10,LV3005348867,LV6000198835,LV7008961057,LV7008961057-LV6000198835-LV3005348867,5
288,ISL22-33.10,LV3005348895,LV6000198843,,,7.5
289,ISL22-33.10,LV3005348895,LV6000198843,LV7008961069,LV7008961069-LV6000198843-LV3005348895,7.5
290,ISL22-33.10,LV3005348864,LV6000198851,,,10.5
291,ISL22-33.10,LV3005348864,LV6000198851,LV7008961081,LV7008961081-LV6000198851-LV3005348864,10.5
292,ISL22-33.10,LV3005348874,LV6000198859,,,13.5
293,ISL22-33.10,LV3005348874,LV6000198859,LV7008960996,LV7008960996-LV6000198859-LV3005348874,13.5
294,ISL22-33.10,LV3005348868,LV6000198867,,,16.5
295,ISL22-33.10,LV3005348868,LV6000198867,LV7008961008,LV7008961008-LV6000198867-LV3005348868,16.5
296,ISL22-33.10,LV3005348890,LV6000198828,,,21
297,ISL22-33.10,LV3005348890,LV6000198828,LV7008961020,LV7008961020-LV6000198828-LV3005348890,21
298,ISL22-33.10,LV3005348857,LV6000198836,,,23.5
299,ISL22-33.10,LV3005348857,LV6000198836,LV7008961032,LV7008961032-LV6000198836-LV3005348857,23.5
300,ISL22-33.10,LV3005348873,LV6000198844,,,26.5
301,ISL22-33.10,LV3005348873,LV6000198844,LV7008961044,LV7008961044-LV6000198844-LV3005348873,26.5
302,ISL22-33.10,LV3005273849,LV6000198852,,,29.5
303,ISL22-33.10,LV3005273849,LV6000198852,LV7008961056,LV7008961056-LV6000198852-LV3005273849,29.5
304,ISL22-33.10,LV3005276309,LV6000198860,,,32
305,ISL22-33.10,LV3005276309,LV6000198860,LV7008961068,LV7008961068-LV6000198860-LV3005276309,32
306,ISL22-33.4,LV3005348832,LV6000198894,,,2
307,ISL22-33.4,LV3005348832,LV6000198894,LV7008961000,LV7008961000-LV6000198894-LV3005348832,2
308,ISL22-33.4,LV3005348846,LV6000198902,,,4.5
309,ISL22-33.4,LV3005348846,LV6000198902,LV7008961012,LV7008961012-LV6000198902-LV3005348846,4.5
310,ISL22-33.4,LV3005348840,LV6000198910,,,7.5
311,ISL22-33.4,LV3005348840,LV6000198910,LV7008961024,LV7008961024-LV6000198910-LV3005348840,7.5
312,ISL22-33.4,LV3005348827,LV6000198918,,,10
313,ISL22-33.4,LV3005348827,LV6000198918,LV7008961036,LV7008961036-LV6000198918-LV3005348827,10
314,ISL22-33.4,LV3005348834,LV6000198645,,,13
315,ISL22-33.4,LV3005348834,LV6000198645,LV7008961048,LV7008961048-LV6000198645-LV3005348834,13
316,ISL22-33.4,LV3005348849,LV6000198653,,,15.5
317,ISL22-33.4,LV3005348849,LV6000198653,LV7008961060,LV7008961060-LV6000198653-LV3005348849,15.5
318,ISL22-33.4,LV3005348829,LV6000198895,,,18.5
319,ISL22-33.4,LV3005348829,LV6000198895,LV7008961072,LV7008961072-LV6000198895-LV3005348829,18.5
320,ISL22-33.4,LV3005348835,LV6000198903,,,21
321,ISL22-33.4,LV3005348835,LV6000198903,LV7008959574,LV7008959574-LV6000198903-LV3005348835,21
322,ISL22-33.4,LV3005348837,LV6000198911,,,23.5
323,ISL22-33.4,LV3005348837,LV6000198911,LV7008961089,LV7008961089-LV6000198911-LV3005348837,23.5
324,ISL22-33.4,LV3005348851,LV6000198919,,,26
325,ISL22-33.4,LV3005348851,LV6000198919,LV7008961011,LV7008961011-LV6000198919-LV3005348851,26
326,ISL22-33.4,LV3005348845,LV6000198880,,,29
327,ISL22-33.4,LV3005348845,LV6000198880,LV7008961023,LV7008961023-LV6000198880-LV3005348845,29
328,ISL22-33.4,LV3005348831,LV6000198888,,,31.5
329,ISL22-33.4,LV3005348831,LV6000198888,LV7008961035,LV7008961035-LV6000198888-LV3005348831,31.5
330,ISL22-33.4,LV3005348812,LV6000198896,,,34
331,ISL22-33.4,LV3005348812,LV6000198896,LV7008961047,LV7008961047-LV6000198896-LV3005348812,34
332,ISL22-33.4,LV3005348790,LV6000198904,,,38.5
333,ISL22-33.4,LV3005348790,LV6000198904,LV7008961059,LV7008961059-LV6000198904-LV3005348790,38.5
334,ISL22-33.4,LV3005348813,LV6000198678,,,41.5
335,ISL22-33.4,LV3005348813,LV6000198678,LV7008960998,LV7008960998-LV6000198678-LV3005348813,41.5
336,ISL22-33.4,LV3005348792,LV6000198833,,,44
337,ISL22-33.4,LV3005348792,LV6000198833,LV7008961010,LV7008961010-LV6000198833-LV3005348792,44
338,ISL22-33.4,LV3005348804,LV6000198841,,,47
339,ISL22-33.4,LV3005348804,LV6000198841,LV7008961022,LV7008961022-LV6000198841-LV3005348804,47
340,ISL22-33.4,LV3005348794,LV6000198849,,,50.5
341,ISL22-33.4,LV3005348794,LV6000198849,LV7008961034,LV7008961034-LV6000198849-LV3005348794,50.5
342,ISL22-33.4,LV3005348815,LV6000198857,,,54
343,ISL22-33.4,LV3005348815,LV6000198857,LV7008961046,LV7008961046-LV6000198857-LV3005348815,54
344,ISL22-33.4,LV3005348795,LV6000198865,,,57
345,ISL22-33.4,LV3005348795,LV6000198865,LV7008961058,LV7008961058-LV6000198865-LV3005348795,57
346,ISL22-33.4,LV3005348816,LV6000198826,,,60
347,ISL22-33.4,LV3005348816,LV6000198826,LV7008961070,LV7008961070-LV6000198826-LV3005348816,60
348,ISL22-33.4,LV3005348796,LV6000198834,,,63.5
349,ISL22-33.4,LV3005348796,LV6000198834,LV7008961082,LV7008961082-LV6000198834-LV3005348796,63.5
350,ISL22-33.4,LV3005348825,LV6000198842,,,66.5
351,ISL22-33.4,LV3005348825,LV6000198842,LV7008960901,LV7008960901-LV6000198842-LV3005348825,66.5
352,ISL22-33.4,LV3005348817,LV6000198850,,,69.5
353,ISL22-33.4,LV3005348817,LV6000198850,LV7008961009,LV7008961009-LV6000198850-LV3005348817,69.5
354,ISL22-33.4,LV3005349341,LV6000198858,,,73
355,ISL22-33.4,LV3005349341,LV6000198858,LV7008961021,LV7008961021-LV6000198858-LV3005349341,73
356,ISL22-33.4,LV3005349324,LV6000198866,,,76
357,ISL22-33.4,LV3005349324,LV6000198866,LV7008961033,LV7008961033-LV6000198866-LV3005349324,76
358,ISL22-33.9,LV3005349293,LV6000198893,,,76.5
359,ISL22-33.9,LV3005349293,LV6000198893,LV7008961025,LV7008961025-LV6000198893-LV3005349293,76.5
360,ISL22-33.9,LV3005349287,LV6000198901,,,80
361,ISL22-33.9,LV3005349287,LV6000198901,LV7008961037,LV7008961037-LV6000198901-LV3005349287,80
362,ISL22-33.9,LV3005349290,LV6000198909,,,83
363,ISL22-33.9,LV3005349290,LV6000198909,LV7008961049,LV7008961049-LV6000198909-LV3005349290,83
364,ISL22-33.9,LV3005349281,LV6000198917,,,86
365,ISL22-33.9,LV3005349281,LV6000198917,LV7008961061,LV7008961061-LV6000198917-LV3005349281,86
366,ISL22-33.9,LV3005349282,LV6000198878,,,88.5
367,ISL22-33.9,LV3005349282,LV6000198878,LV7008961073,LV7008961073-LV6000198878-LV3005349282,88.5
368,ISL22-33.9,LV3005349276,LV6000198886,,,91.5
369,ISL22-33.9,LV3005349276,LV6000198886,LV7008961085,LV7008961085-LV6000198886-LV3005349276,91.5
370,ISL22-33.2,LV3005349240,LV7005365991,LV7008955278,LV7008955278-LV7005365991-LV3005349240,0.5
371,ISL22-33.7,LV3005349576,LV7005365983,LV7008955266,LV7008955266-LV7005365983-LV3005349576,94.5
372,ISL2020-05,LV3005349369,LV6000195622,LV7008955319,LV7008955319-LV6000195622-LV3005349369,49.5
373,ISL21-16,LV3005350057,LV6000198604,LV7008955320,LV7008955320-LV6000198604-LV3005350057,97
374,ISL2020-09,LV3005349744,LV6000198596,LV7008955296,LV7008955296-LV6000198596-LV3005349744,100.5
375,ISL22-31,LV3005574147,LV7005365986,LV7008955288,LV7008955288-LV7005365986-LV3005574147,129.5
376,ISL22-31,LV3005574125,LV7005365994,LV7008955300,LV7008955300-LV7005365994-LV3005574125,131
377,ISL22-32,LV3005573989,LV7005365984,LV7008955350,LV7008955350-LV7005365984-LV3005573989,162
378,ISL22-32,LV3005573985,LV7005365992,LV7008955374,LV7008955374-LV7005365992-LV3005573985,166.5
379,ISL22-34,LV3005573962,LV7005365987,LV7008955263,LV7008955263-LV7005365987-LV3005573962,30
380,ISL22-39,LV3005573495,LV7005365968,LV7008955326,LV7008955326-LV7005365968-LV3005573495,132.5
381,ISL22-39,LV3005573482,LV7005365976,LV7008955338,LV7008955338-LV7005365976-LV3005573482,136
382,ISL22-29,LV3005573417,LV7005365971,LV7008955348,LV7008955348-LV7005365971-LV3005573417,48
383,ISL22-50,LV3005573333,LV6000198605,LV7008955283,LV7008955283-LV6000198605-LV3005573333,60
384,ISL22-22A,LV3005572975,LV7005365979,LV7008955372,LV7008955372-LV7005365979-LV3005572975,48
385,ISL22-23B,LV3005573057,LV7005365954,LV7008955349,LV7008955349-LV7005365954-LV3005573057,130.5
386,ISL22-23B,LV3005573051,LV7005365962,LV7008955373,LV7008955373-LV7005365962-LV3005573051,132
387,ISL22-25A,LV3005573189,LV6000198612,LV7008955332,LV7008955332-LV6000198612-LV3005573189,81
388,ISL22-25B,LV3005573185,LV6000198620,LV7008955344,LV7008955344-LV6000198620-LV3005573185,84.5
389,ISL22-26A,LV3005567342,LV7005365981,LV7008955328,LV7008955328-LV7005365981-LV3005567342,35.5
390,ISL22-26A,LV3005567340,LV7005365989,LV7008955340,LV7008955340-LV7005365989-LV3005567340,39
391,ISL22-45,LV3005567689,LV6000198628,LV7008955368,LV7008955368-LV6000198628-LV3005567689,61
392,ISL23-58.1,LV3005567545,LV7005365985,LV7008955325,LV7008955325-LV7005365985-LV3005567545,132
393,ISL23-58.1,LV3005567521,LV7005365993,LV7008955337,LV7008955337-LV7005365993-LV3005567521,134
394,"ISL23-58,6",LV3005568607,LV6000200132,LV7008956424,LV7008956424-LV6000200132-LV3005568607,78
395,"ISL23-58,6",LV3005568601,LV6000200140,LV7008956315,LV7008956315-LV6000200140-LV3005568601,81
396,"ISL23-58,6",LV3005568579,LV6000200164,LV7008956327,LV7008956327-LV6000200164-LV3005568579,84.5
397,"ISL23-58,6",LV3005568585,LV6000200148,LV7008956351,LV7008956351-LV6000200148-LV3005568585,88
398,"ISL23-58,6",LV3005568598,LV6000200156,LV7008956363,LV7008956363-LV6000200156-LV3005568598,92
399,"ISL23-58,6",LV3005568584,LV6000200131,LV7008956375,LV7008956375-LV6000200131-LV3005568584,94
400,"ISL23-58,6",LV3005568597,LV6000200139,LV7008956387,LV7008956387-LV6000200139-LV3005568597,96.5
401,"ISL23-58,6",LV3005568583,LV6000200147,LV7008956399,LV7008956399-LV6000200147-LV3005568583,99.5
402,"ISL23-58,6",LV3005568574,LV6000200155,LV7008956423,LV7008956423-LV6000200155-LV3005568574,102.5
403,"ISL23-58,6",LV3005568582,LV6000200130,LV7008956314,LV7008956314-LV6000200130-LV3005568582,105.5
404,"ISL23-58,6",LV3005568596,LV6000200138,LV7008956326,LV7008956326-LV6000200138-LV3005568596,108.5
405,"ISL23-58,6",LV3005568587,LV6000185098,LV7008956350,LV7008956350-LV6000185098-LV3005568587,111.5
406,"ISL23-58,6",LV3005568580,LV6000200137,LV7008956362,LV7008956362-LV6000200137-LV3005568580,114
407,"ISL23-58,6",LV3005568593,LV6000200146,LV7008956374,LV7008956374-LV6000200146-LV3005568593,117
408,"ISL23-58,6",LV3005568594,LV6000200163,LV7008956386,LV7008956386-LV6000200163-LV3005568594,120
409,"ISL23-58,6",LV3005568156,LV6000200171,LV7008956398,LV7008956398-LV6000200171-LV3005568156,122.5
410,"ISL23-58,6",LV3005568152,LV6000200154,LV7008956422,LV7008956422-LV6000200154-LV3005568152,125.5
411,"ISL23-58,6",LV3005568154,LV6000200145,LV7008956313,LV7008956313-LV6000200145-LV3005568154,128.5
412,"ISL23-58,6",LV3005568150,LV6000200162,LV7008956325,LV7008956325-LV6000200162-LV3005568150,130
413,"ISL23-58,6",LV3005568135,LV6000200170,LV7008956349,LV7008956349-LV6000200170-LV3005568135,133.5
414,"ISL23-58,6",LV3005568141,LV6000200153,LV7008956361,LV7008956361-LV6000200153-LV3005568141,136.5
415,"ISL23-58,6",LV3005568147,LV6000200161,LV7008956373,LV7008956373-LV6000200161-LV3005568147,140
416,"ISL23-58,6",LV3005568134,LV6000200169,LV7008956385,LV7008956385-LV6000200169-LV3005568134,143
417,"ISL23-58,6",LV3005568138,LV6000200128,LV7008960452,LV7008960452-LV6000200128-LV3005568138,146
418,"ISL23-58,6",LV3005568145,LV6000200120,LV7008960464,LV7008960464-LV6000200120-LV3005568145,149
419,"ISL23-58,6",LV3005568137,LV6000200112,LV7008960476,LV7008960476-LV6000200112-LV3005568137,152
420,"ISL23-58,6",LV3005568131,LV6000200104,LV7008960488,LV7008960488-LV6000200104-LV3005568131,155.5
421,ISL23-56.1,LV3005567833,LV7005365966,LV7008955267,LV7008955267-LV7005365966-LV3005567833,72.5
422,ISL23-56.1,LV3005567832,LV7005365974,LV7008955279,LV7008955279-LV7005365974-LV3005567832,74.5
423,ISL22-38.2,LV3005571226,LV6000198613,LV7008955295,LV7008955295-LV6000198613-LV3005571226,21.5
424,ISL22-51.1,LV3005571461,LV6000198589,LV7008956459,LV7008956459-LV6000198589-LV3005571461,55.5
425,ISL22-51.1,LV3005571466,LV6000198597,LV7008955271,LV7008955271-LV6000198597-LV3005571466,62.5
426,"ISL23-60,2",LV3005571014,LV7005365967,LV7008955351,LV7008955351-LV7005365967-LV3005571014,148
427,"ISL23-60,2",LV3005571015,LV7005365975,LV7008955375,LV7008955375-LV7005365975-LV3005571015,150
428,"ISL23-57,2",LV3005570721,LV7005365982,LV7008955291,LV7008955291-LV7005365982-LV3005570721,31.5
429,"ISL23-57,2",LV3005570723,LV7005365990,LV7008955303,LV7008955303-LV7005365990-LV3005570723,33
430,ISL22-44,LV3005570840,LV7005365951,LV7008955327,LV7008955327-LV7005365951-LV3005570840,54.5
431,ISL22-44,LV3005570852,LV7005365959,LV7008955339,LV7008955339-LV7005365959-LV3005570852,56
432,"ISL23-57,4",LV3005570177,LV6000198868,,,64.5
433,"ISL23-57,4",LV3005570177,LV6000198868,LV7008961080,LV7008961080-LV6000198868-LV3005570177,64.5
434,"ISL23-57,4",LV3005570179,LV6000198829,,,67.5
435,"ISL23-57,4",LV3005570179,LV6000198829,LV7008959486,LV7008959486-LV6000198829-LV3005570179,67.5
436,"ISL23-57,4",LV3005570183,LV6000198837,,,70.5
437,"ISL23-57,4",LV3005570183,LV6000198837,LV7008961007,LV7008961007-LV6000198837-LV3005570183,70.5
438,"ISL23-57,4",LV3005570171,LV6000198845,,,73
439,"ISL23-57,4",LV3005570171,LV6000198845,LV7008961019,LV7008961019-LV6000198845-LV3005570171,73
440,"ISL23-57,4",LV3005570173,LV6000198853,,,76
441,"ISL23-57,4",LV3005570173,LV6000198853,LV7008961031,LV7008961031-LV6000198853-LV3005570173,76
442,"ISL23-57,4",LV3005570174,LV6000198861,,,77.5
443,"ISL23-57,4",LV3005570174,LV6000198861,LV7008961043,LV7008961043-LV6000198861-LV3005570174,77.5
444,"ISL23-57,4",LV3005570176,LV6000198869,,,80.5
445,"ISL23-57,4",LV3005570176,LV6000198869,LV7008961055,LV7008961055-LV6000198869-LV3005570176,80.5
446,"ISL23-57,4",LV3005570164,LV6000198830,,,84
447,"ISL23-57,4",LV3005570164,LV6000198830,LV7008961067,LV7008961067-LV6000198830-LV3005570164,84
448,"ISL23-57,4",LV3005570168,LV6000198838,,,86.5
449,"ISL23-57,4",LV3005570168,LV6000198838,LV7008961079,LV7008961079-LV6000198838-LV3005570168,86.5
450,"ISL23-57,4",LV3005570170,LV6000198846,,,89.5
451,"ISL23-57,4",LV3005570170,LV6000198846,LV7008960994,LV7008960994-LV6000198846-LV3005570170,89.5
452,"ISL23-57,4",LV3005570158,LV6000198854,,,92.5
453,"ISL23-57,4",LV3005570158,LV6000198854,LV7008961006,LV7008961006-LV6000198854-LV3005570158,92.5
454,"ISL23-57,4",LV3005570160,LV6000198862,,,95
455,"ISL23-57,4",LV3005570160,LV6000198862,LV7008961018,LV7008961018-LV6000198862-LV3005570160,95
456,"ISL23-57,4",LV3005570162,LV6000198870,,,98
457,"ISL23-57,4",LV3005570162,LV6000198870,LV7008961030,LV7008961030-LV6000198870-LV3005570162,98
458,"ISL23-57,5",LV3005570516,LV6000198831,,,30.5
459,"ISL23-57,5",LV3005570516,LV6000198831,LV7008961042,LV7008961042-LV6000198831-LV3005570516,30.5
460,"ISL23-57,5",LV3005570506,LV6000198839,,,33
461,"ISL23-57,5",LV3005570506,LV6000198839,LV7008961054,LV7008961054-LV6000198839-LV3005570506,33
462,"ISL23-57,5",LV3005570508,LV6000198847,,,36
463,"ISL23-57,5",LV3005570508,LV6000198847,LV7008961066,LV7008961066-LV6000198847-LV3005570508,36
464,"ISL23-57,5",LV3005570510,LV6000198855,,,39
465,"ISL23-57,5",LV3005570510,LV6000198855,LV7008961078,LV7008961078-LV6000198855-LV3005570510,39
466,"ISL23-57,5",LV3005570500,LV6000198863,,,41.5
467,"ISL23-57,5",LV3005570500,LV6000198863,LV7008960900,LV7008960900-LV6000198863-LV3005570500,41.5
468,"ISL23-57,5",LV3005570502,LV6000198871,,,44.5
469,"ISL23-57,5",LV3005570502,LV6000198871,LV7008961005,LV7008961005-LV6000198871-LV3005570502,44.5
470,"ISL23-57,5",LV3005570504,LV6000198654,,,47.5
471,"ISL23-57,5",LV3005570504,LV6000198654,LV7008961017,LV7008961017-LV6000198654-LV3005570504,47.5
472,"ISL23-57,5",LV3005570493,LV6000198840,,,50.5
473,"ISL23-57,5",LV3005570493,LV6000198840,LV7008961029,LV7008961029-LV6000198840-LV3005570493,50.5
474,"ISL23-57,5",LV3005570495,LV6000198848,,,53.5
475,"ISL23-57,5",LV3005570495,LV6000198848,LV7008961041,LV7008961041-LV6000198848-LV3005570495,53.5
476,"ISL23-57,5",LV3005570497,LV6000198856,,,56.5
477,"ISL23-57,5",LV3005570497,LV6000198856,LV7008961053,LV7008961053-LV6000198856-LV3005570497,56.5
478,"ISL23-57,5",LV3005570487,LV6000198969,LV7008957286,LV7008957286-LV6000198969-LV3005570487,59.5
479,"ISL23-57,5",LV3005570489,LV6000198977,LV7009024524,LV7009024524-LV6000198977-LV3005570489,62.5
480,"ISL23-57,5",LV3005570491,LV6000198673,LV7009022716,LV7009022716-LV6000198673-LV3005570491,65.5
481,"ISL23-57,5",LV3005570295,LV6000195614,LV7009022398,LV7009022398-LV6000195614-LV3005570295,68.5
482,"ISL23-57,5",LV3005570294,LV6000198660,LV7009027897,LV7009027897-LV6000198660-LV3005570294,71.5
483,"ISL23-57,5",LV3005570482,LV6000198666,LV7009027857,LV7009027857-LV6000198666-LV3005570482,74.5
484,"ISL23-57,5",LV3005570351,LV6000198970,LV7009024309,LV7009024309-LV6000198970-LV3005570351,77.5
485,"ISL23-57,5",LV3005570479,LV6000198978,LV7009024557,LV7009024557-LV6000198978-LV3005570479,80.5
486,"ISL23-57,5",LV3005570481,LV6000198986,LV7008957298,LV7008957298-LV6000198986-LV3005570481,83.5
487,"ISL23-57,5",LV3005570315,LV6000198994,LV7009024860,LV7009024860-LV6000198994-LV3005570315,86
488,"ISL23-57,5",LV3005570476,LV6000199002,LV7008955367,LV7008955367-LV6000199002-LV3005570476,89
489,"ISL23-57,5",LV3005570346,LV6000199010,LV7009027354,LV7009027354-LV6000199010-LV3005570346,92
490,"ISL23-57,5",LV3005570471,LV6000198971,LV7009024546,LV7009024546-LV6000198971-LV3005570471,95
491,"ISL23-57,5",LV3005570359,LV6000198979,LV7009024458,LV7009024458-LV6000198979-LV3005570359,98
492,"ISL23-57,5",LV3005570473,LV6000198675,LV7009027335,LV7009027335-LV6000198675-LV3005570473,100.5
493,"ISL23-57,5",LV3005570467,LV6000198667,LV7009024918,LV7009024918-LV6000198667-LV3005570467,103.5
494,"ISL23-57,5",LV3005570348,LV6000198668,LV7008955391,LV7008955391-LV6000198668-LV3005570348,106.5
495,"ISL23-57,5",LV3005570312,LV6000199011,LV7009027905,LV7009027905-LV6000199011-LV3005570312,109.5
496,"ISL23-57,5",LV3005570461,LV6000198972,LV7009024538,LV7009024538-LV6000198972-LV3005570461,112
497,"ISL23-57,5",LV3005570463,LV6000198980,LV7009027859,LV7009027859-LV6000198980-LV3005570463,115.5
498,"ISL23-57,5",LV3005570465,LV6000198988,LV7008957225,LV7008957225-LV6000198988-LV3005570465,118.5
499,"ISL23-57,5",LV3005570358,LV6000198996,LV7008955329,LV7008955329-LV6000198996-LV3005570358,121.5
500,"ISL23-57,5",LV3005570286,LV6000199004,LV7008957648,LV7008957648-LV6000199004-LV3005570286,124
501,"ISL23-57,5",LV3005570339,LV6000198657,LV7008957551,LV7008957551-LV6000198657-LV3005570339,127
502,"ISL23-57,5",LV3005570455,LV6000198973,LV7008955427,LV7008955427-LV6000198973-LV3005570455,130
503,"ISL23-57,5",LV3005570457,LV6000198981,LV7008957625,LV7008957625-LV6000198981-LV3005570457,133
504,"ISL23-57,5",LV3005570459,LV6000198989,LV7008955413,LV7008955413-LV6000198989-LV3005570459,136
505,"ISL23-57,5",LV3005570362,LV6000198997,LV7009026144,LV7009026144-LV6000198997-LV3005570362,138.5
506,"ISL23-57,5",LV3005570305,LV6000199005,LV7008957314,LV7008957314-LV6000199005-LV3005570305,142
507,"ISL23-57,5",LV3005570316,LV6000198658,LV7009022726,LV7009022726-LV6000198658-LV3005570316,145
508,"ISL23-57,5",LV3005570449,LV6000198974,LV7009027858,LV7009027858-LV6000198974-LV3005570449,148
509,"ISL23-57,5",LV3005570451,LV6000198982,LV7008957588,LV7008957588-LV6000198982-LV3005570451,150.5
510,ISL22-54,LV3005570443,LV7005365955,LV7008955324,LV7008955324-LV7005365955-LV3005570443,19.5
511,ISL22-54,LV3005570344,LV7005365963,LV7008955336,LV7008955336-LV7005365963-LV3005570344,20.5
512,ISL23-59.1,LV3005570379,LV7005365995,LV7008955275,LV7008955275-LV7005365995-LV3005570379,76
513,ISL23-59.1,LV3005570375,LV7005365956,LV7008955287,LV7008955287-LV7005365956-LV3005570375,78
514,ISL23-59.5,LV3005888844,LV6000198676,LV7009024560,LV7009024560-LV6000198676-LV3005888844,231.5
515,ISL23-59.5,LV3005888832,LV6000198674,LV7009027343,LV7009027343-LV6000198674-LV3005888832,235
516,ISL23-59.5,LV3005888819,LV6000198659,LV7008957218,LV7008957218-LV6000198659-LV3005888819,238.5
517,ISL23-59.5,LV3005888831,LV6000199014,LV7009024269,LV7009024269-LV6000199014-LV3005888831,242
518,ISL23-59.5,LV3005888818,LV6000198975,LV7008957585,LV7008957585-LV6000198975-LV3005888818,245.5
519,"ISL23-59,4A",LV3005888820,LV6000184802,LV7009022748,LV7009022748-LV6000184802-LV3005888820,247.5
520,"ISL23-59,4A",LV3005888826,LV6000198991,LV7009022681,LV7009022681-LV6000198991-LV3005888826,250.5
521,"ISL23-59,4A",LV3005888814,LV6000198999,LV7008955439,LV7008955439-LV6000198999-LV3005888814,253.5
522,"ISL23-59,4A",LV3005888808,LV6000199007,LV7009021900,LV7009021900-LV6000199007-LV3005888808,257.5
523,"ISL23-59,4A",LV3005888823,LV6000199015,LV7009024081,LV7009024081-LV6000199015-LV3005888823,259
524,"ISL23-59,4A",LV3005888828,LV6000198976,LV7008957312,LV7008957312-LV6000198976-LV3005888828,262
525,"ISL23-59,4A",LV3005888812,LV6000198984,LV7008957290,LV7008957290-LV6000198984-LV3005888812,265
526,"ISL23-59,4A",LV3005888817,LV6000198992,LV3003056319,LV3003056319-LV6000198992-LV3005888817,266.5
527,"ISL23-59,4A",LV3005888822,LV6000199000,LV7009024518,LV7009024518-LV6000199000-LV3005888822,269.5
528,"ISL23-59,4A",LV3005889703,LV6000198921,LV7008957309,LV7008957309-LV6000198921-LV3005889703,272.5
529,"ISL23-59,4A",LV3005889690,LV6000198929,LV7009023472,LV7009023472-LV6000198929-LV3005889690,275
530,"ISL23-59,4A",LV3005889704,LV6000198937,LV7009023741,LV7009023741-LV6000198937-LV3005889704,278
531,"ISL23-59,4A",LV3005889691,LV6000198945,LV7009027308,LV7009027308-LV6000198945-LV3005889691,280.5
532,"ISL23-59,4A",LV3005889705,LV6000198669,LV7009026147,LV7009026147-LV6000198669-LV3005889705,283
533,"ISL23-59,4A",LV3005889692,LV6000198961,LV7009023742,LV7009023742-LV6000198961-LV3005889692,286
534,"ISL23-59,4A",LV3005889706,LV6000198922,LV7009024905,LV7009024905-LV6000198922-LV3005889706,289
535,"ISL23-59,4A",LV3005889693,LV6000198930,LV7008957250,LV7008957250-LV6000198930-LV3005889693,292
536,"ISL23-59,4A",LV3005889707,LV6000198938,LV7009027847,LV7009027847-LV6000198938-LV3005889707,295
537,"ISL23-59,4A",LV3005889694,LV6000198946,LV7009024078,LV7009024078-LV6000198946-LV3005889694,298
538,"ISL23-59,4A",LV3005889708,LV6000198954,LV7008957626,LV7008957626-LV6000198954-LV3005889708,301
539,"ISL23-59,4A",LV3005889695,LV6000198962,LV7008955405,LV7008955405-LV6000198962-LV3005889695,303.5
540,"ISL23-59,4A",LV3005889677,LV6000198923,LV7009024858,LV7009024858-LV6000198923-LV3005889677,307
541,"ISL23-59,4A",LV3005889663,LV6000198931,LV7009022400,LV7009022400-LV6000198931-LV3005889663,310
542,"ISL23-59,4A",LV3005889678,LV6000198939,LV7008955464,LV7008955464-LV6000198939-LV3005889678,313
543,"ISL23-59,4A",LV3005889665,LV6000198947,LV7009024548,LV7009024548-LV6000198947-LV3005889665,315.5
544,"ISL23-59,4A",LV3005889679,LV6000198955,LV7009027557,LV7009027557-LV6000198955-LV3005889679,318.5
545,"ISL23-59,4A",LV3005889666,LV6000198963,LV7008955341,LV7008955341-LV6000198963-LV3005889666,321.5
546,"ISL23-59,4A",LV3005889680,LV6000198924,LV7009022396,LV7009022396-LV6000198924-LV3005889680,324
547,"ISL23-59,4A",LV3005889667,LV6000198932,LV7008957242,LV7008957242-LV6000198932-LV3005889667,326.5
548,"ISL23-59,4A",LV3005889661,LV6000198940,LV7009024101,LV7009024101-LV6000198940-LV3005889661,329.5
549,"ISL23-59,4A",LV3005889675,LV6000198948,LV7009024177,LV7009024177-LV6000198948-LV3005889675,332.5
550,"ISL23-59,4A",LV3005889682,LV6000198956,LV7008957263,LV7008957263-LV6000198956-LV3005889682,335.5
551,"ISL23-59,4A",LV3005889669,LV6000198964,LV7008957578,LV7008957578-LV6000198964-LV3005889669,338.5
552,"ISL23-59,4A",LV3005889648,LV6000198925,LV7009022747,LV7009022747-LV6000198925-LV3005889648,341
553,"ISL23-59,4A",LV3005889634,LV6000198933,LV7008955404,LV7008955404-LV6000198933-LV3005889634,343.5
554,"ISL23-59,4A",LV3005889649,LV6000198941,LV7009022434,LV7009022434-LV6000198941-LV3005889649,346.5
555,"ISL23-59,4A",LV3005889636,LV6000198949,LV7008957682,LV7008957682-LV6000198949-LV3005889636,349.5
556,"ISL23-59,4A",LV3005889651,LV6000198661,LV7009024140,LV7009024140-LV6000198661-LV3005889651,352
557,"ISL23-59,4A",LV3005889637,LV6000198965,LV7008957264,LV7008957264-LV6000198965-LV3005889637,355
558,"ISL23-59,4A",LV3005889653,LV6000198926,LV7009027378,LV7009027378-LV6000198926-LV3005889653,358
559,"ISL23-59,4A",LV3005889638,LV6000198934,LV7008957230,LV7008957230-LV6000198934-LV3005889638,360.5
560,"ISL23-59,4A",LV3005889654,LV6000198942,LV7008955401,LV7008955401-LV6000198942-LV3005889654,363.5
561,"ISL23-59,4A",LV3005889639,LV6000198950,LV7009027894,LV7009027894-LV6000198950-LV3005889639,366.5
562,"ISL23-59,4A",LV3005889656,LV6000198677,LV7009024233,LV7009024233-LV6000198677-LV3005889656,369
563,"ISL23-59,4A",LV3005889640,LV6000198966,LV7009024874,LV7009024874-LV6000198966-LV3005889640,372
564,"ISL23-59,4A",LV3005889622,LV6000198927,LV7008955477,LV7008955477-LV6000198927-LV3005889622,375
565,"ISL23-59,4A",LV3005889623,LV6000198935,LV7008957237,LV7008957237-LV6000198935-LV3005889623,378
566,"ISL23-59,4A",LV3005889625,LV6000198943,LV7008957577,LV7008957577-LV6000198943-LV3005889625,380.5
567,"ISL23-59,4B",LV3005889615,LV6000198951,LV7009022697,LV7009022697-LV6000198951-LV3005889615,382
568,"ISL23-59,4B",LV3005889617,LV6000198959,LV7008955342,LV7008955342-LV6000198959-LV3005889617,385
569,"ISL23-59,4B",LV3005889619,LV6000198967,LV7008957214,LV7008957214-LV6000198967-LV3005889619,388
570,"ISL23-59,4B",LV3005889608,LV6000198928,LV7009024582,LV7009024582-LV6000198928-LV3005889608,391
571,"ISL23-59,4B",LV3005889611,LV6000198936,LV7008957313,LV7008957313-LV6000198936-LV3005889611,394
572,"ISL23-59,4B",LV3005889613,LV6000198944,LV7008957000,LV7008957000-LV6000198944-LV3005889613,397
573,"ISL23-59,4B",LV3005889601,LV6000198952,LV7009021867,LV7009021867-LV6000198952-LV3005889601,399.5
574,"ISL23-59,4B",LV3005889603,LV6000199305,,,402.5
575,"ISL23-59,4B",LV3005889603,LV6000199305,LV7008953921,LV7008953921-LV6000199305-LV3005889603,402.5
576,"ISL23-59,4B",LV3005889606,LV6000199313,,,405.5
577,"ISL23-59,4B",LV3005889606,LV6000199313,LV7008956512,LV7008956512-LV6000199313-LV3005889606,405.5
578,"ISL23-59,4B",LV3005889594,LV6000199321,,,408
579,"ISL23-59,4B",LV3005889594,LV6000199321,LV7008956524,LV7008956524-LV6000199321-LV3005889594,408
580,"ISL23-59,4B",LV3005889587,LV6000199329,,,410.5
581,"ISL23-59,4B",LV3005889587,LV6000199329,LV7008956548,LV7008956548-LV6000199329-LV3005889587,410.5
582,"ISL23-59,6",LV3005889598,LV6000199337,,,2
583,"ISL23-59,6",LV3005889598,LV6000199337,LV7008956560,LV7008956560-LV6000199337-LV3005889598,2
584,"ISL23-59,6",LV3005889600,LV6000199345,,,5
585,"ISL23-59,6",LV3005889600,LV6000199345,LV7008956584,LV7008956584-LV6000199345-LV3005889600,5
586,"ISL23-59,6",LV3005889589,LV6000199306,,,8
587,"ISL23-59,6",LV3005889589,LV6000199306,LV7008956596,LV7008956596-LV6000199306-LV3005889589,8
588,"ISL23-59,6",LV3005889591,LV6000199314,,,11
589,"ISL23-59,6",LV3005889591,LV6000199314,LV7008956620,LV7008956620-LV6000199314-LV3005889591,11
590,"ISL23-59,6",LV3005889581,LV6000199322,,,13.5
591,"ISL23-59,6",LV3005889581,LV6000199322,LV7008953920,LV7008953920-LV6000199322-LV3005889581,13.5
592,"ISL23-59,6",LV3005889583,LV6000199330,,,16.5
593,"ISL23-59,6",LV3005889583,LV6000199330,LV7008956511,LV7008956511-LV6000199330-LV3005889583,16.5
594,"ISL23-59,6",LV3005889585,LV6000199338,,,19
595,"ISL23-59,6",LV3005889585,LV6000199338,LV7008956523,LV7008956523-LV6000199338-LV3005889585,19
596,"ISL23-59,6",LV3005889575,LV6000199346,,,21.5
597,"ISL23-59,6",LV3005889575,LV6000199346,LV7008956547,LV7008956547-LV6000199346-LV3005889575,21.5
598,ISL23-SK,LV3005889312,LV7005365970,LV7008955264,LV7008955264-LV7005365970-LV3005889312,139.5
599,ISL23-SK,LV3005889318,LV7005365978,LV7008955276,LV7008955276-LV7005365978-LV3005889318,141
